"Категорія","Підкатегорія","Назва","Ціна"
"Більярдні кулі","Для піраміди","Більярдна куля 60 мм","175"
"Більярдні кулі","Для піраміди","Биток 68 мм кольоровий","245"
"Більярдні кулі","Для піраміди","Биток Aramith Premier 68мм","1150"
"Більярдні кулі","Для піраміди","Куля для піраміди 68мм","230"
"Більярдні кулі","Для піраміди","Куля для піраміди Aramith Premier 68 мм","750"
"Більярдні кулі","Для піраміди","Кулі для піраміди Champion 60 мм","1800"
"Більярдні кулі","Для піраміди","Кулі для піраміди Aramith Premier 60 мм","6750"
"Більярдні кулі","Для піраміди","Кулі для піраміди Aramith Premier 68 мм","11440"
"Більярдні кулі","Для піраміди","Кулі для піраміди Aramith Standart 60 мм","6300"
"Більярдні кулі","Для піраміди","Кулі для піраміди Aramith Standart 68 мм","10800"
"Більярдні кулі","Для піраміди","Кулі для піраміди Aramith Super PRО 67 мм","14670"
"Більярдні кулі","Для піраміди","Кулі для піраміди Champion 68 мм","2100"
"Більярдні кулі","Для піраміди","Биток 60 мм","190"
"Більярдні кулі","Для піраміди","Биток Aramith Premier 68мм кольоровий","1060"
"Більярдні кулі","Для піраміди","Биток Aramith Super Pro 67 мм","1920"
"Більярдні кулі","Для піраміди","Тренувальна куля Aramith Jim Rempe Пул 57,2 мм","1390"
"Більярдні кулі","Для піраміди","Кулі для піраміди Champion Premium 68 мм","2450"
"Більярдні кулі","Для американського пулу","Більярдна куля для пулу 57,2 мм","210"
"Більярдні кулі","Для американського пулу","Биток для пулу 57,2 мм","160"
"Більярдні кулі","Для американського пулу","Кулі для американского пулу Aramith Premier 57,2 мм","6200"
"Більярдні кулі","Для американського пулу","Кулі для американского пулу Champion Classic 57,2 мм","1300"
"Більярдні кулі","Для американського пулу","Кулі для американского пулу Champion Premier 57,2 мм","2600"
"Більярдні кулі","Для американського пулу","Кулі для пулу Champion Classic 60 мм","1750"
"Більярдні кулі","Для американського пулу","Кулі для пулу бильярда Aramith Standart 57,2 мм","5900"
"Більярдні кулі","Для американського пулу","Брелок Більярдна куля пул","35"
"Більярдні кулі","Для американського пулу","Кулі для американского пулу Aramith Super PRО 57,2 мм","11500"
"Більярдні кулі","Для снукеру","Більярдні кулі для снукеру Aramith Premier 52.4 мм","5950"
"Більярдні кулі","Для снукеру","Кулі для снукеру Champion Snooker 52.4 мм","2550"
"Більярдні кулі","Для снукеру","Більярдні кулі для снукеру Champion Premium Snooker","2560"